Model,Train RMSE,Val RMSE,Train MAE,Val MAE,Val R²
Bi-LSTM,16.49639020793877,17.49644128854985,11.208699226379395,11.696554183959961,0.9066411256790161
