Model,Train RMSE,Val RMSE,Train MAE,Val MAE,Val R²
1D CNN,14.870421658702796,15.253139485370093,12.268207550048828,12.288660049438477,0.9290463924407959
