Model,Train RMSE,Val RMSE,Train MAE,Val MAE,Val R²
Hybrid CNN-LSTM,5.063014063225476,5.265290111000811,3.9269890785217285,4.0868754386901855,0.9915452599525452
