Model,Train RMSE,Val RMSE,Train MAE,Val MAE,Val R²
LSTM,17.897046984669966,18.687419980493395,11.639400482177734,12.087082862854004,0.8934987187385559
